id,first_name,last_name,email,gender,loyalty,phone
0,Agna,Mouncey,amouncey0@hugedomains.com,Female,True,042/131.3467
1,Patric,Kealey,pkealey1@nhs.uk,Male,True,042/131.344
2,Stirling,Cometto,scometto2@blinklist.com,Male,False,042/131.3494
3,Gabriele,Dyball,gdyball3@aol.com,Male,False,042/131.3432
4,Mariska,Stanistrete,mstanistrete4@altervista.org,Female,False,042/131.3477
5,Gardie,Roll,groll5@alexa.com,Male,False,042/131.3436
6,Trudy,Portail,tportail6@hhs.gov,Female,False,042/131.3498
7,Ewan,Merricks,emerricks7@ucoz.com,Male,True,042/131.3412
8,Ranna,Hast,rhast8@smugmug.com,Female,True,042/131.3437
9,Krishnah,Sopp,ksopp9@ehow.com,Male,False,042/131.3476
10,Sigmund,Barlace,sbarlacea@ycombinator.com,Male,False,042/131.3491
11,Vonni,Grossier,vgrossierb@smh.com.au,Female,False,042/131.3456
12,Clark,Ginn,cginnc@technorati.com,Male,False,042/131.3482
13,Valina,Newsome,,Female,False,042/131.3461
14,Weylin,Rickasse,wrickassee@nifty.com,Male,True,042/131.3452
15,Silvio,Pideon,spideonf@wsj.com,Male,False,042/131.3498
16,Allianora,Leyland,aleylandg@yandex.ru,Female,False,042/131.3449
17,Quinton,Daffey,qdaffeyh@chronoengine.com,Male,True,042/131.3418
18,Reeba,Willock,rwillocki@dmoz.org,Female,False,042/131.3431
19,Floyd,Jowle,fjowlej@pbs.org,Male,False,042/131.3442
20,Hannis,Thon,,Female,False,042/131.3497
21,Randi,Taye,rtayel@discovery.com,Male,True,042/131.3429
22,Delly,Riddiford,driddifordm@loc.gov,Female,False,042/131.3466
23,Sanford,Kubica,skubican@wikimedia.org,Male,False,042/131.3453
24,Tobie,McAlpine,tmcalpineo@flavors.me,Male,True,042/131.3487
25,Leigh,Bigrigg,lbigriggp@comcast.net,Male,False,042/131.3416
26,Mabelle,Christol,mchristolq@washingtonpost.com,Female,True,042/131.3483
27,Jade,Sommersett,jsommersettr@usa.gov,Female,True,042/131.3436
28,Darrick,Malim,dmalims@virginia.edu,Male,True,042/131.3471
29,Koo,Quenby,kquenbyt@stumbleupon.com,Female,True,042/131.3469
30,Ruby,Trinkwon,rtrinkwonu@ucla.edu,Male,True,042/131.3493
31,Norman,Coppo,ncoppov@who.int,Male,True,042/131.349
32,Holmes,Davidow,hdavidoww@deviantart.com,Male,True,042/131.3490
33,Gaby,Sleite,gsleitex@vinaora.com,Female,True,042/131.3462
34,Ysabel,Kleinfeld,ykleinfeldy@harvard.edu,Female,True,042/131.3412
35,Gwendolyn,Gatch,ggatchz@nih.gov,Female,False,042/131.3495
36,Bartlett,Campos,bcampos10@amazon.co.jp,Male,False,042/131.3470
37,Alikee,Mc Caghan,amccaghan11@ehow.com,Female,False,042/131.3456
38,Ingaborg,Cutriss,icutriss12@over-blog.com,Female,False,042/131.3417
39,Linn,Franzonello,lfranzonello13@globo.com,Male,False,042/131.348
40,Ezequiel,Gayther,egayther14@elegantthemes.com,Male,False,042/131.346
41,Ban,Maxsted,bmaxsted15@gnu.org,Male,False,042/131.3443
42,Ambrosius,Fuller,afuller16@marketwatch.com,Male,True,042/131.3425
43,Monique,Steadman,msteadman17@dropbox.com,Female,False,042/131.3496
44,Laureen,Kenryd,,Female,False,042/131.3483
45,Shae,Burress,sburress19@yale.edu,Male,False,042/131.3490
46,Coletta,Seedhouse,cseedhouse1a@chronoengine.com,Female,True,042/131.3420
47,Marcile,Handrek,mhandrek1b@unesco.org,Female,True,042/131.3447
48,Eliot,Hiskey,ehiskey1c@t-online.de,Male,False,042/131.3411
49,Aldon,Poundsford,apoundsford1d@java.com,Male,False,042/131.3433
50,Jed,Stenyng,jstenyng1e@xinhuanet.com,Male,False,042/131.3482
51,Deloria,Klambt,dklambt1f@sohu.com,Female,True,042/131.3422
52,Britteny,Brayshaw,bbrayshaw1g@angelfire.com,,False,042/131.3440
53,Kalie,Luno,kluno1h@tmall.com,Female,False,042/131.3465
54,Gennie,Sarge,gsarge1i@t.co,Female,False,042/131.3474
55,Emmerich,Wherrett,ewherrett1j@springer.com,Male,True,042/131.3441
56,Alana,Skaif,askaif1k@google.com.au,Female,True,042/131.3477
57,Bruis,Dewane,bdewane1l@hostgator.com,Male,True,042/131.3461
58,Abby,Schlag,aschlag1m@51.la,Female,False,042/131.3481
59,Waylan,Eirwin,weirwin1n@tuttocitta.it,,True,042/131.3415
60,Hamel,Tal,htal1o@dedecms.com,Male,False,042/131.3462
61,Hamnet,O'Grogane,hogrogane1p@go.com,Male,True,042/131.3456
62,Jacobo,McElory,jmcelory1q@tinypic.com,Male,True,042/131.3413
63,Ewen,Baleine,ebaleine1r@go.com,Male,True,042/131.3444
64,Alvis,Jackett,ajackett1s@digg.com,Male,False,042/131.3416
65,Benjamin,Wisby,bwisby1t@acquirethisname.com,Male,True,042/131.3472
66,Milli,Mathissen,mmathissen1u@twitter.com,Female,False,042/131.3485
67,Brynn,Tewkesbury.,btewkesbury1v@e-recht24.de,Female,True,042/131.3454
68,Parnell,Burnup,pburnup1w@prnewswire.com,Male,False,042/131.3444
69,Quint,Humble,qhumble1x@miitbeian.gov.cn,Male,False,042/131.3450
70,Gloriane,Jiruch,gjiruch1y@prweb.com,Female,True,042/131.3464
71,Hewe,Fitzpayn,hfitzpayn1z@netscape.com,Male,False,042/131.3421
72,Alva,Rubinsohn,arubinsohn20@usda.gov,Male,False,042/131.3419
73,Emmaline,Guille,eguille21@mac.com,Female,False,042/131.3434
74,Raye,Soffe,,Female,True,042/131.3494
75,Napoleon,Lordon,nlordon23@nih.gov,Male,True,042/131.3442
76,Kirstin,Jacmar,,Female,True,042/131.340
77,Wilhelm,Glander,wglander25@wp.com,Male,False,042/131.3473
78,Alasdair,Gozney,agozney26@timesonline.co.uk,Male,False,042/131.3437
79,Lammond,Surr,lsurr27@umich.edu,Male,True,042/131.3416
80,Roth,Karolowski,rkarolowski28@gizmodo.com,Male,False,042/131.3497
81,Carey,Beeze,cbeeze29@wisc.edu,Male,False,042/131.3442
82,Bianka,Jenoure,bjenoure2a@mail.ru,Female,True,042/131.3415
83,Marybeth,Belasco,,Female,True,042/131.348
84,Juliet,Ciani,jciani2c@skyrock.com,Female,True,042/131.346
85,Collete,Pilley,cpilley2d@sfgate.com,Female,False,042/131.3411
86,Saxe,Brewett,sbrewett2e@wunderground.com,Male,False,042/131.344
87,Barbara,Gutch,bgutch2f@godaddy.com,Female,True,042/131.3430
88,Marianne,Petruskevich,mpetruskevich2g@hao123.com,Female,False,042/131.3437
89,Bogey,Sprowson,bsprowson2h@ihg.com,Male,False,042/131.344
90,Dav,Stainton - Skinn,dstaintonskinn2i@slashdot.org,Male,True,042/131.3479
91,Marthe,Burlingame,mburlingame2j@theatlantic.com,Female,False,042/131.3423
92,Josh,Growden,jgrowden2k@dailymail.co.uk,Male,False,042/131.3497
93,Wandie,Goroni,wgoroni2l@earthlink.net,Female,True,042/131.3468
94,Tate,Mollnar,tmollnar2m@unicef.org,Female,False,042/131.3488
95,Storm,Bandy,sbandy2n@senate.gov,Female,True,042/131.3434
96,Tessa,Lyburn,,Female,False,042/131.3475
97,Hyacinthia,Demetr,,Female,False,042/131.3493
98,Ramona,Nutbeem,rnutbeem2q@tiny.cc,Female,False,042/131.3481
99,Nil,Pimlett,npimlett2r@usgs.gov,Male,False,042/131.3435
100,Lauretta,Thornley,lthornley2s@bandcamp.com,Female,True,042/131.3472
101,Timmy,De Witt,tdewitt2t@wikipedia.org,Female,True,042/131.3499
102,Bradford,Napton,bnapton2u@vimeo.com,Male,True,042/131.3424
103,Hayden,Sleaford,hsleaford2v@japanpost.jp,Male,False,042/131.3497
104,Michele,Syrad,,Female,False,042/131.3459
105,Mattie,Scouse,mscouse2x@dot.gov,Male,False,042/131.3458
106,D'arcy,Boxe,dboxe2y@1und1.de,Male,True,042/131.3460
107,Karyl,Costar,kcostar2z@gravatar.com,Female,False,042/131.3472
108,Domeniga,Pally,dpally30@adobe.com,Female,True,042/131.3410
109,Mureil,Kier,mkier31@alexa.com,Female,True,042/131.3454
110,Wenona,Southway,wsouthway32@vimeo.com,Female,False,042/131.3450
111,Georgena,O'Hagirtie,gohagirtie33@ihg.com,Female,True,042/131.3484
112,Sari,Gainor,sgainor34@theguardian.com,Female,False,042/131.3486
113,Frayda,Karolowski,fkarolowski35@google.com.au,Female,True,042/131.3497
114,Miltie,Pizer,mpizer36@usgs.gov,Male,True,042/131.3448
115,Dallon,Schimek,dschimek37@home.pl,Male,True,042/131.3456
116,Paola,Rillett,prillett38@ustream.tv,Female,False,042/131.3482
117,Willem,Mynett,wmynett39@china.com.cn,Male,False,042/131.3415
118,Pansy,Kellert,pkellert3a@foxnews.com,Female,True,042/131.3449
119,Catherin,Dalgarno,cdalgarno3b@51.la,Female,False,042/131.3439
120,Rachele,Fazzioli,rfazzioli3c@time.com,Female,False,042/131.3490
121,Dilly,Arnson,darnson3d@fastcompany.com,Male,False,042/131.3489
122,Kaiser,Lortz,,Male,True,042/131.3484
123,Neil,Gorries,ngorries3f@skype.com,Male,False,042/131.3441
124,Hayden,Breed,hbreed3g@domainmarket.com,Male,True,042/131.3419
125,Gaynor,Towe,gtowe3h@acquirethisname.com,Female,True,042/131.3447
126,Ladonna,Glusby,lglusby3i@walmart.com,Female,True,042/131.3465
127,Christie,Chaudron,cchaudron3j@biblegateway.com,Male,True,042/131.3488
128,Kakalina,Whitwham,kwhitwham3k@examiner.com,Female,False,042/131.3466
129,Lotta,Simoncini,lsimoncini3l@jiathis.com,Female,False,042/131.3446
130,Fanni,Corpes,fcorpes3m@washingtonpost.com,Female,True,042/131.3425
131,Pebrook,Hansard,phansard3n@wix.com,Male,True,042/131.3462
132,Nettle,Glewe,nglewe3o@google.de,Female,True,042/131.3461
133,Gabrila,Strangward,gstrangward3p@archive.org,Female,True,042/131.3476
134,Cassy,Gullivan,,Female,False,042/131.3449
135,Barry,Kapelhof,bkapelhof3r@google.de,Female,False,042/131.3453
136,Niall,Sturrock,nsturrock3s@ucoz.ru,Male,False,042/131.3495
137,Abbe,Klezmski,aklezmski3t@jugem.jp,Female,False,042/131.3493
138,Ekaterina,Toma,etoma3u@squarespace.com,,False,042/131.3436
139,Teodoor,Gogerty,tgogerty3v@elpais.com,Male,True,042/131.3467
